Word1,Word2,Level,
Dove,Above,3,Above-Dove
Bright,Sight,6,Bright-Sight
Gold,Told,2,Gold-Told
Play,Stay,2,Play-Stay
Look,Hook,1,Hook-Look
Way,Day,3,Day-Way
Show,Flow,3,Flow-Show
Blend,Send,5,Blend-Send
Cheese,Please,5,Cheese-Please
Sweet,Meet,7,Meet-Sweet
Door,More,2,Door-More
Kind,Mind,2,Kind-Mind
Dream,Stream,6,Dream-Stream
Dog,Frog,2,Dog-Frog
Moon,Tune,1,Moon-Tune
Car,Far,2,Car-Far
Glove,Love,4,Glove-Love
Cat,Hat,3,Cat-Hat
Star,Jar,1,Jar-Star
Mice,Nice,2,Mice-Nice
Smart,Heart,6,Heart-Smart
Wide,Side,2,Side-Wide
Light,Night,4,Light-Night
Cold,Bold,2,Bold-Cold
Red,Bed,1,Bed-Red
Time,Rhyme,2,Rhyme-Time
Tree,Free,2,Free-Tree
Rain,Train,1,Rain-Train
King,Ring,2,King-Ring
Few,New,1,Few-New
Tall,Ball,1,Ball-Tall
Fast,Last,1,Fast-Last
Chair,Fair,6,Chair-Fair
Clock,Rock,7,Clock-Rock
Sun,Fun,2,Fun-Sun
Cool,Pool,1,Cool-Pool
Door,More,3,
